-- Yêu Cầu 3
INSERT INTO DANH_MUC (MaDM, TenDM) VALUES
(1, N'Đồ uống'),
(2, N'Thực phẩm khô'),
(3, N'Gia vị'),
(4, N'Đồ gia dụng'),
(5, N'Hóa mỹ phẩm');

INSERT INTO NHA_CUNG_CAP (MaNCC, TenNCC, ThongTinLienHe) VALUES
(1, N'Công ty Thực phẩm Hảo Hạng', N'0123456789 - haohang@example.com'),
(2, N'Công ty Nước giải khát Vina', N'0987654321 - vina@example.com'),
(3, N'Nhà phân phối Đồ Gia Dụng Xanh', N'0912345678 - xanh@example.com'),
(4, N'Hóa chất Mỹ phẩm Sao Mai', N'0909090909 - saomai@example.com'),
(5, N'Nông sản Sạch Miền Nam', N'0888888888 - nongsan@example.com');

INSERT INTO KHUYEN_MAI (MaKM, TenKM, MoTa, PhanTramGiam, NgayBatDau, NgayKetThuc) VALUES
(1, N'Giảm giá Mùa Hè', N'Giải nhiệt mùa hè', 10.00, '2025-06-01', '2025-08-31'),
(2, N'Mừng ngày Phụ Nữ Việt Nam', N'Khuyến mãi tháng 10', 15.00, '2025-10-01', '2025-10-31'),
(3, N'Black Friday', N'Siêu sale cuối năm', 50.00, '2025-11-20', '2025-11-30');

INSERT INTO NHAN_VIEN (MaNV, TenNV, ViTri, NgayVaoLam) VALUES
(1, N'Nguyễn Văn A', N'Quản lý', '2020-01-15'),
(2, N'Trần Thị B', N'Thu ngân', '2021-03-10'),
(3, N'Lê Văn C', N'Quản lý kho', '2019-05-20'),
(4, N'Phạm Thị D', N'Thu ngân', '2022-07-01'),
(5, N'Hoàng Văn E', N'Nhân viên kho', '2023-02-15'),
(6, N'Vũ Thị F', N'Thu ngân', '2021-11-20'),
(7, N'Đặng Văn G', N'Bảo vệ', '2018-09-10'),
(8, N'Bùi Thị H', N'Chăm sóc khách hàng', '2022-04-05'),
(9, N'Đỗ Văn I', N'Thu ngân', '2023-08-12'),
(10, N'Hồ Thị K', N'Kế toán', '2020-12-01');

INSERT INTO KHACH_HANG (MaKH, TenKH, SoDienThoai, Email, DiaChi) VALUES
(1, N'Khách Hàng 1', '0900000001', 'kh1@gmail.com', N'Hà Nội'),
(2, N'Khách Hàng 2', '0900000002', 'kh2@gmail.com', N'Hồ Chí Minh'),
(3, N'Khách Hàng 3', '0900000003', 'kh3@gmail.com', N'Đà Nẵng'),
(4, N'Khách Hàng 4', '0900000004', 'kh4@gmail.com', N'Hải Phòng'),
(5, N'Khách Hàng 5', '0900000005', 'kh5@gmail.com', N'Cần Thơ'),
(6, N'Khách Hàng 6', '0900000006', 'kh6@gmail.com', N'Hà Nội'),
(7, N'Khách Hàng 7', '0900000007', 'kh7@gmail.com', N'Hồ Chí Minh'),
(8, N'Khách Hàng 8', '0900000008', 'kh8@gmail.com', N'Đà Nẵng'),
(9, N'Khách Hàng 9', '0900000009', 'kh9@gmail.com', N'Nha Trang'),
(10, N'Khách Hàng 10', '0900000010', 'kh10@gmail.com', N'Huế'),
(11, N'Khách Hàng 11', '0900000011', 'kh11@gmail.com', N'Hà Nội'),
(12, N'Khách Hàng 12', '0900000012', 'kh12@gmail.com', N'Hồ Chí Minh'),
(13, N'Khách Hàng 13', '0900000013', 'kh13@gmail.com', N'Đà Nẵng'),
(14, N'Khách Hàng 14', '0900000014', 'kh14@gmail.com', N'Bình Dương'),
(15, N'Khách Hàng 15', '0900000015', 'kh15@gmail.com', N'Đồng Nai'),
(16, N'Khách Hàng 16', '0900000016', 'kh16@gmail.com', N'Hà Nội'),
(17, N'Khách Hàng 17', '0900000017', 'kh17@gmail.com', N'Hồ Chí Minh'),
(18, N'Khách Hàng 18', '0900000018', 'kh18@gmail.com', N'Đà Nẵng'),
(19, N'Khách Hàng 19', '0900000019', 'kh19@gmail.com', N'Hải Phòng'),
(20, N'Khách Hàng 20', '0900000020', 'kh20@gmail.com', N'Cần Thơ'),
(21, N'Khách Hàng 21', '0900000021', 'kh21@gmail.com', N'Quảng Ninh'),
(22, N'Khách Hàng 22', '0900000022', 'kh22@gmail.com', N'Thanh Hóa'),
(23, N'Khách Hàng 23', '0900000023', 'kh23@gmail.com', N'Nghệ An'),
(24, N'Khách Hàng 24', '0900000024', 'kh24@gmail.com', N'Hà Tĩnh'),
(25, N'Khách Hàng 25', '0900000025', 'kh25@gmail.com', N'Quảng Bình'),
(26, N'Khách Hàng 26', '0900000026', 'kh26@gmail.com', N'Hà Nội'),
(27, N'Khách Hàng 27', '0900000027', 'kh27@gmail.com', N'Hồ Chí Minh'),
(28, N'Khách Hàng 28', '0900000028', 'kh28@gmail.com', N'Đà Nẵng'),
(29, N'Khách Hàng 29', '0900000029', 'kh29@gmail.com', N'Bà Rịa'),
(30, N'Khách Hàng 30', '0900000030', 'kh30@gmail.com', N'Vũng Tàu'),
(31, N'Khách Hàng 31', '0900000031', 'kh31@gmail.com', N'Lâm Đồng'),
(32, N'Khách Hàng 32', '0900000032', 'kh32@gmail.com', N'Đắk Lắk'),
(33, N'Khách Hàng 33', '0900000033', 'kh33@gmail.com', N'Gia Lai'),
(34, N'Khách Hàng 34', '0900000034', 'kh34@gmail.com', N'Kon Tum'),
(35, N'Khách Hàng 35', '0900000035', 'kh35@gmail.com', N'Đắk Nông'),
(36, N'Khách Hàng 36', '0900000036', 'kh36@gmail.com', N'Bình Phước'),
(37, N'Khách Hàng 37', '0900000037', 'kh37@gmail.com', N'Tây Ninh'),
(38, N'Khách Hàng 38', '0900000038', 'kh38@gmail.com', N'Long An'),
(39, N'Khách Hàng 39', '0900000039', 'kh39@gmail.com', N'Tiền Giang'),
(40, N'Khách Hàng 40', '0900000040', 'kh40@gmail.com', N'Bến Tre'),
(41, N'Khách Hàng 41', '0900000041', 'kh41@gmail.com', N'Trà Vinh'),
(42, N'Khách Hàng 42', '0900000042', 'kh42@gmail.com', N'Vĩnh Long'),
(43, N'Khách Hàng 43', '0900000043', 'kh43@gmail.com', N'Đồng Tháp'),
(44, N'Khách Hàng 44', '0900000044', 'kh44@gmail.com', N'An Giang'),
(45, N'Khách Hàng 45', '0900000045', 'kh45@gmail.com', N'Kiên Giang'),
(46, N'Khách Hàng 46', '0900000046', 'kh46@gmail.com', N'Cà Mau'),
(47, N'Khách Hàng 47', '0900000047', 'kh47@gmail.com', N'Bạc Liêu'),
(48, N'Khách Hàng 48', '0900000048', 'kh48@gmail.com', N'Sóc Trăng'),
(49, N'Khách Hàng 49', '0900000049', 'kh49@gmail.com', N'Hậu Giang'),
(50, N'Khách Hàng 50', '0900000050', 'kh50@gmail.com', N'Cần Thơ');

INSERT INTO SAN_PHAM (MaSP, TenSP, GiaHienTai, MaDM, MaNCC) VALUES
(1, N'Nước suối Aquafina', 5000, 1, 2),
(2, N'Coca Cola 330ml', 10000, 1, 2),
(3, N'Pepsi 330ml', 10000, 1, 2),
(4, N'Mì Hảo Hảo', 3500, 2, 1),
(5, N'Phở bò Vifon', 6000, 2, 1),
(6, N'Gạo ST25 5kg', 180000, 2, 5),
(7, N'Đường tinh luyện Biên Hòa 1kg', 25000, 3, 1),
(8, N'Muối sấy', 5000, 3, 1),
(9, N'Nước mắm Nam Ngư', 45000, 3, 1),
(10, N'Bột ngọt Ajinomoto 400g', 30000, 3, 1),
(11, N'Dầu ăn Tường An 1L', 50000, 3, 1),
(12, N'Chảo chống dính Sunhouse', 150000, 4, 3),
(13, N'Bộ nồi Inox', 350000, 4, 3),
(14, N'Dao bếp Thái Lan', 80000, 4, 3),
(15, N'Thớt gỗ dĩa', 60000, 4, 3),
(16, N'Bột giặt OMO 3kg', 120000, 5, 4),
(17, N'Nước xả vải Downy', 85000, 5, 4),
(18, N'Dầu gội Clear Men', 110000, 5, 4),
(19, N'Sữa tắm Lifebuoy', 95000, 5, 4),
(20, N'Kem đánh răng P/S', 35000, 5, 4),
(21, N'Bàn chải đánh răng', 20000, 5, 4),
(22, N'Bánh Cosy', 40000, 2, 1),
(23, N'Kẹo mút Chupa Chups', 15000, 2, 1),
(24, N'Sữa tươi Vinamilk 1 Lốc', 32000, 1, 2),
(25, N'Sữa đặc Ông Thọ', 25000, 1, 2),
(26, N'Cà phê Trung Nguyên', 65000, 1, 2),
(27, N'Trà Lipton', 45000, 1, 2),
(28, N'Tương ớt Chinsu', 15000, 3, 1),
(29, N'Bột canh Hải Châu', 10000, 3, 1),
(30, N'Nước tẩy bồn cầu Vim', 40000, 5, 4);

INSERT INTO DON_HANG (MaDH, NgayMua, MaKH, MaNV, MaKM) VALUES
(1, '2025-01-15', 1, 2, NULL), (2, '2025-02-10', 5, 4, NULL), (3, '2025-03-05', 10, 6, NULL),
(4, '2025-04-12', 15, 9, NULL), (5, '2025-05-20', 20, 2, NULL), (6, '2025-06-15', 25, 4, 1),
(7, '2025-07-10', 30, 6, 1), (8, '2025-08-05', 35, 9, 1), (9, '2025-09-12', 40, 2, NULL),
(10, '2025-10-01', 45, 4, 2), (11, '2025-10-02', 50, 6, 2), (12, '2025-10-03', 2, 9, 2),
(13, '2025-10-04', 4, 2, 2), (14, '2025-10-05', 6, 4, 2), (15, '2025-10-06', 8, 6, 2),
(16, '2025-10-07', 10, 9, 2), (17, '2025-10-08', 12, 2, 2), (18, '2025-10-09', 14, 4, 2),
(19, '2025-10-10', 16, 6, 2), (20, '2025-10-11', 18, 9, 2), (21, '2025-10-12', 20, 2, 2),
(22, '2025-10-13', 22, 4, 2), (23, '2025-10-14', 24, 6, 2), (24, '2025-10-15', 26, 9, 2),
(25, '2025-10-16', 28, 2, 2), (26, '2025-10-17', 30, 4, 2), (27, '2025-10-18', 32, 6, 2),
(28, '2025-10-19', 34, 9, 2), (29, '2025-10-20', 36, 2, 2), (30, '2025-10-21', 38, 4, 2),
(31, '2025-10-22', 40, 6, 2), (32, '2025-10-23', 42, 9, 2), (33, '2025-10-24', 44, 2, 2),
(34, '2025-10-25', 46, 4, 2), (35, '2025-10-26', 48, 6, 2), (36, '2025-10-27', 50, 9, 2),
(37, '2025-10-28', 1, 2, 2), (38, '2025-10-29', 3, 4, 2), (39, '2025-10-30', 5, 6, 2),
(40, '2025-10-31', 7, 9, 2), (41, '2025-11-05', 9, 2, NULL), (42, '2025-11-10', 11, 4, NULL),
(43, '2025-11-25', 13, 6, 3), (44, '2025-11-26', 15, 9, 3), (45, '2025-11-27', 17, 2, 3),
(46, '2025-11-28', 19, 4, 3), (47, '2025-11-29', 21, 6, 3), (48, '2025-11-30', 23, 9, 3),
(49, '2025-12-05', 25, 2, NULL), (50, '2025-12-10', 27, 4, NULL), (51, '2025-12-15', 29, 6, NULL);

INSERT INTO DON_HANG (MaDH, NgayMua, MaKH, MaNV, MaKM) VALUES
(52, '2025-10-05', 31, 9, 2), (53, '2025-10-15', 33, 2, 2), (54, '2025-10-25', 35, 4, 2),
(55, '2025-01-20', 37, 6, NULL), (56, '2025-02-25', 39, 9, NULL), (57, '2025-03-30', 41, 2, NULL),
(58, '2025-04-15', 43, 4, NULL), (59, '2025-05-25', 45, 6, NULL), (60, '2025-06-05', 47, 9, 1),
(61, '2025-07-15', 49, 2, 1), (62, '2025-08-25', 2, 4, 1), (63, '2025-09-05', 4, 6, NULL),
(64, '2025-10-10', 6, 9, 2), (65, '2025-10-20', 8, 2, 2), (66, '2025-10-30', 10, 4, 2),
(67, '2025-11-01', 12, 6, NULL), (68, '2025-11-25', 14, 9, 3), (69, '2025-12-01', 16, 2, NULL),
(70, '2025-12-20', 18, 4, NULL), (71, '2025-10-02', 20, 6, 2), (72, '2025-10-12', 22, 9, 2),
(73, '2025-10-22', 24, 2, 2), (74, '2025-01-05', 26, 4, NULL), (75, '2025-02-05', 28, 6, NULL),
(76, '2025-03-05', 30, 9, NULL), (77, '2025-04-05', 32, 2, NULL), (78, '2025-05-05', 34, 4, NULL),
(79, '2025-06-20', 36, 6, 1), (80, '2025-07-20', 38, 9, 1), (81, '2025-08-20', 40, 2, 1),
(82, '2025-09-20', 42, 4, NULL), (83, '2025-10-08', 44, 6, 2), (84, '2025-10-18', 46, 9, 2),
(85, '2025-10-28', 48, 2, 2), (86, '2025-11-15', 50, 4, NULL), (87, '2025-11-26', 1, 6, 3),
(88, '2025-12-05', 3, 9, NULL), (89, '2025-12-25', 5, 2, NULL), (90, '2025-10-04', 7, 4, 2),
(91, '2025-10-14', 9, 6, 2), (92, '2025-10-24', 11, 9, 2), (93, '2025-01-25', 13, 2, NULL),
(94, '2025-02-15', 15, 4, NULL), (95, '2025-03-25', 17, 6, NULL), (96, '2025-04-25', 19, 9, NULL),
(97, '2025-05-15', 21, 2, NULL), (98, '2025-06-25', 23, 4, 1), (99, '2025-07-25', 25, 6, 1),
(100, '2025-10-10', 27, 9, 2);

INSERT INTO CHI_TIET_DON_HANG (MaDH, MaSP, SoLuong, GiaTaiThoiDiemMua) VALUES
(1, 1, 2, 5000), (1, 4, 5, 3500), (2, 6, 1, 180000), (3, 12, 1, 150000),
(4, 16, 2, 120000), (5, 22, 3, 40000), (6, 24, 1, 32000), (7, 2, 5, 10000),
(8, 7, 2, 25000), (9, 11, 1, 50000), (10, 15, 1, 60000), (11, 18, 2, 110000),
(12, 26, 1, 65000), (13, 30, 2, 40000), (14, 5, 10, 6000), (15, 8, 3, 5000),
(16, 13, 1, 350000), (17, 17, 2, 85000), (18, 20, 3, 35000), (19, 25, 2, 25000),
(20, 28, 4, 15000), (21, 3, 6, 10000), (22, 9, 1, 45000), (23, 14, 1, 80000),
(24, 19, 2, 95000), (25, 23, 5, 15000), (26, 27, 2, 45000), (27, 1, 10, 5000),
(28, 10, 2, 30000), (29, 21, 5, 20000), (30, 29, 3, 10000);

INSERT INTO CHI_TIET_DON_HANG (MaDH, MaSP, SoLuong, GiaTaiThoiDiemMua)
SELECT MaDH, (MaDH % 30) + 1, (MaDH % 5) + 1, 50000 
FROM DON_HANG WHERE MaDH > 30;